<?xml version="1.0" encoding="UTF-8"?>
<project-private xmlns="http://www.netbeans.org/ns/project-private/1">
    <editor-bookmarks xmlns="http://www.netbeans.org/ns/editor-bookmarks/2" lastBookmarkId="0"/>
    <open-files xmlns="http://www.netbeans.org/ns/projectui-open-files/2">
        <group>
            <file>file:/C:/wamp64/www/web2/Trabalho1/estudo_dirigido_web_ii/exemplo_novo/territorio-remove.php</file>
            <file>file:/C:/wamp64/www/web2/Trabalho1/estudo_dirigido_web_ii/exemplo_novo/funcionario-banco.php</file>
            <file>file:/C:/wamp64/www/web2/Trabalho1/estudo_dirigido_web_ii/exemplo_novo/territorio-altera.php</file>
            <file>file:/C:/wamp64/www/web2/Trabalho1/estudo_dirigido_web_ii/exemplo_novo/territorio-altera-formulario.php</file>
            <file>file:/C:/wamp64/www/web2/Trabalho1/estudo_dirigido_web_ii/exemplo_novo/funcionario-altera.php</file>
            <file>file:/C:/wamp64/www/web2/Trabalho1/estudo_dirigido_web_ii/exemplo_novo/territorio-banco.php</file>
            <file>file:/C:/wamp64/www/web2/Trabalho1/estudo_dirigido_web_ii/exemplo_novo/index.php</file>
            <file>file:/C:/wamp64/www/web2/Trabalho1/estudo_dirigido_web_ii/exemplo_novo/funcionario-altera-formulario.php</file>
            <file>file:/C:/wamp64/www/web2/Trabalho1/estudo_dirigido_web_ii/exemplo_novo/func_territorio-lista.php</file>
            <file>file:/C:/wamp64/www/web2/Trabalho1/estudo_dirigido_web_ii/exemplo_novo/funcionario-adiciona.php</file>
            <file>file:/C:/wamp64/www/web2/Trabalho1/estudo_dirigido_web_ii/exemplo_novo/funcionario-remove.php</file>
        </group>
    </open-files>
</project-private>
